Kod;Kod Açılımı;Master;SoruNo;Cevap Anahtarı
56FNOKFDD1TT1S1;2025 2026 FİNAL OKUL FİNALE DOĞRU TYT DENEME 1 - TÜRKÇE - SORU 1;TÜRK-İÇ;1;B
56FNOKFDD1TT1S2;2025 2026 FİNAL OKUL FİNALE DOĞRU TYT DENEME 1 - TÜRKÇE - SORU 2;TÜRK-İÇ;2;D
56FNOKFDD3TT1S2;2025 2026 FİNAL OKUL FİNALE DOĞRU TYT DENEME 3 - TÜRKÇE - SORU 2;TÜRK-İÇ;3;A
56FNOKFDD3TT1S3;2025 2026 FİNAL OKUL FİNALE DOĞRU TYT DENEME 3 - TÜRKÇE - SORU 3;TÜRK-İÇ;4;C
56FNOKFDD2TT1S3;2025 2026 FİNAL OKUL FİNALE DOĞRU TYT DENEME 2 - TÜRKÇE - SORU 3;TÜRK-İÇ;6;A
56FNOKFDD2TT1S6;2025 2026 FİNAL OKUL FİNALE DOĞRU TYT DENEME 2 - TÜRKÇE - SORU 6;TÜRK-İÇ;7;A
56FNOKFDD2TT1S8;2025 2026 FİNAL OKUL FİNALE DOĞRU TYT DENEME 2 - TÜRKÇE - SORU 8;TÜRK-İÇ;8;A
56FNOKFDD2TT1S9;2025 2026 FİNAL OKUL FİNALE DOĞRU TYT DENEME 2 - TÜRKÇE - SORU 9;TÜRK-İÇ;9;B
56FNOKFDD1TT1S10;2025 2026 FİNAL OKUL FİNALE DOĞRU TYT DENEME 1 - TÜRKÇE - SORU 10;TÜRK-İÇ;10;A
56FNOKFDD2TT1S13;2025 2026 FİNAL OKUL FİNALE DOĞRU TYT DENEME 2 - TÜRKÇE - SORU 13;TÜRK-İÇ;13;A
56FNOKFDD1TT1S14;2025 2026 FİNAL OKUL FİNALE DOĞRU TYT DENEME 1 - TÜRKÇE - SORU 14;TÜRK-İÇ;12;B
56FNOKFDD2TT1S14;2025 2026 FİNAL OKUL FİNALE DOĞRU TYT DENEME 2 - TÜRKÇE - SORU 14;TÜRK-İÇ;14;E
56FNOKFDD2TT1S15;2025 2026 FİNAL OKUL FİNALE DOĞRU TYT DENEME 2 - TÜRKÇE - SORU 15;TÜRK-İÇ;15;A
56FNOKFDD4TT1S15;2025 2026 FİNAL OKUL FİNALE DOĞRU TYT DENEME 4 - TÜRKÇE - SORU 15;TÜRK-İÇ;17;E
56FNOKFDD2TT1S16;2025 2026 FİNAL OKUL FİNALE DOĞRU TYT DENEME 2 - TÜRKÇE - SORU 16;TÜRK-İÇ;16;B
56FNOKFDD4TT1S16;2025 2026 FİNAL OKUL FİNALE DOĞRU TYT DENEME 4 - TÜRKÇE - SORU 16;TÜRK-İÇ;18;B
56FNOKFDD1TT1S17;2025 2026 FİNAL OKUL FİNALE DOĞRU TYT DENEME 1 - TÜRKÇE - SORU 17;TÜRK-İÇ;19;C
56FNOKFDD1TT1S19;2025 2026 FİNAL OKUL FİNALE DOĞRU TYT DENEME 1 - TÜRKÇE - SORU 19;TÜRK-İÇ;20;D
56FNOKFDD1TT1S23;2025 2026 FİNAL OKUL FİNALE DOĞRU TYT DENEME 1 - TÜRKÇE - SORU 23;TÜRK-İÇ;21;B
56FNOKFDD1TT1S24;2025 2026 FİNAL OKUL FİNALE DOĞRU TYT DENEME 1 - TÜRKÇE - SORU 24;TÜRK-İÇ;23;A
56FNOKFDD2TT1S24;2025 2026 FİNAL OKUL FİNALE DOĞRU TYT DENEME 2 - TÜRKÇE - SORU 24;TÜRK-İÇ;24;C
56FNOKFDD1TT1S25;2025 2026 FİNAL OKUL FİNALE DOĞRU TYT DENEME 1 - TÜRKÇE - SORU 25;TÜRK-İÇ;22;B 
56FNOKFDD2TT1S25;2025 2026 FİNAL OKUL FİNALE DOĞRU TYT DENEME 2 - TÜRKÇE - SORU 25;TÜRK-İÇ;26;A
56FNOKFDD2TT1S26;2025 2026 FİNAL OKUL FİNALE DOĞRU TYT DENEME 2 - TÜRKÇE - SORU 26;TÜRK-İÇ;25;B
56FNOKFDD2TT1S27;2025 2026 FİNAL OKUL FİNALE DOĞRU TYT DENEME 2 - TÜRKÇE - SORU 27;TÜRK-İÇ;27;A
56FNOKFDD2TT1S29;2025 2026 FİNAL OKUL FİNALE DOĞRU TYT DENEME 2 - TÜRKÇE - SORU 29;TÜRK-İÇ;28;E
56FNOKFDD3TT1S29;2025 2026 FİNAL OKUL FİNALE DOĞRU TYT DENEME 3 - TÜRKÇE - SORU 29;TÜRK-İÇ;31;D
56FNOKFDD3TT1S30;2025 2026 FİNAL OKUL FİNALE DOĞRU TYT DENEME 3 - TÜRKÇE - SORU 30;TÜRK-İÇ;32;A
56FNOKFDD1TT1S30;2025 2026 FİNAL OKUL FİNALE DOĞRU TYT DENEME 1 - TÜRKÇE - SORU 30;TÜRK-İÇ;34;B
56FNOKFDD2TT1S31;2025 2026 FİNAL OKUL FİNALE DOĞRU TYT DENEME 2 - TÜRKÇE - SORU 31;TÜRK-İÇ;29;C
56FNOKFDD2TT1S32;2025 2026 FİNAL OKUL FİNALE DOĞRU TYT DENEME 2 - TÜRKÇE - SORU 32;TÜRK-İÇ;30;E
56FNOKFDD3TT1S33;2025 2026 FİNAL OKUL FİNALE DOĞRU TYT DENEME 3 - TÜRKÇE - SORU 33;TÜRK-İÇ;33;B
56FNOKFDD4TT1S37;2025 2026 FİNAL OKUL FİNALE DOĞRU TYT DENEME 4 - TÜRKÇE - SORU 37;TÜRK-İÇ;37;C
56FNOKFDD5TT1S37;2025 2026 FİNAL OKUL FİNALE DOĞRU TYT DENEME 5 - TÜRKÇE - SORU 37;TÜRK-İÇ;39;D
56FNOKFDD4TT1S38;2025 2026 FİNAL OKUL FİNALE DOĞRU TYT DENEME 4 - TÜRKÇE - SORU 38;TÜRK-İÇ;38;B
56FNOKFDD5TT1S38;2025 2026 FİNAL OKUL FİNALE DOĞRU TYT DENEME 5 - TÜRKÇE - SORU 38;TÜRK-İÇ;40;A
56FNOKFDD1TT2S1;2025 2026 FİNAL OKUL FİNALE DOĞRU TYT DENEME 1 - SOSYAL - SORU 1;SOS-İÇ;1;B
56FNOKFDD1TT2S3;2025 2026 FİNAL OKUL FİNALE DOĞRU TYT DENEME 1 - SOSYAL - SORU 3;SOS-İÇ;2;C
56FNOKFDD1TT2S4;2025 2026 FİNAL OKUL FİNALE DOĞRU TYT DENEME 1 - SOSYAL - SORU 4;SOS-İÇ;5;E
56FNOKFDD3TT2S6;2025 2026 FİNAL OKUL FİNALE DOĞRU TYT DENEME 3 - SOSYAL - SORU 6;SOS-İÇ;7;E
56FNOKFDD4TT2S8;2025 2026 FİNAL OKUL FİNALE DOĞRU TYT DENEME 4 - SOSYAL - SORU 8;SOS-İÇ;9;E
56FNOKFDD4TT2S9;2025 2026 FİNAL OKUL FİNALE DOĞRU TYT DENEME 4 - SOSYAL - SORU 9;SOS-İÇ;10;C
56FNOKFDD3TT2S11;2025 2026 FİNAL OKUL FİNALE DOĞRU TYT DENEME 3 - SOSYAL - SORU 11;SOS-İÇ;25;C
56FNOKFDD3TT2S12;2025 2026 FİNAL OKUL FİNALE DOĞRU TYT DENEME 3 - SOSYAL - SORU 12;SOS-İÇ;24;B
56FNOKFDD3TT2S15;2025 2026 FİNAL OKUL FİNALE DOĞRU TYT DENEME 3 - SOSYAL - SORU 15;SOS-İÇ;23;D
56FNOKFDD1TT2S16;2025 2026 FİNAL OKUL FİNALE DOĞRU TYT DENEME 1 - SOSYAL - SORU 16;SOS-İÇ;17;A
56FNOKFDD3TT2S21;2025 2026 FİNAL OKUL FİNALE DOĞRU TYT DENEME 3 - SOSYAL - SORU 21;SOS-İÇ;21;C
56FNOKFDD1TT2S21;2025 2026 FİNAL OKUL FİNALE DOĞRU TYT DENEME 1 - SOSYAL - SORU 21;SOS-İÇ;22;D
56FNOKFDD1TT3S1;2025 2026 FİNAL OKUL FİNALE DOĞRU TYT DENEME 1 - MATEMATİK - SORU 1;MAT-İÇ;1;D
56FNOKFDD3TT3S1;2025 2026 FİNAL OKUL FİNALE DOĞRU TYT DENEME 3 - TEST 3 - SORU 1;;;B
56FNOKFDD1TT3S2;2025 2026 FİNAL OKUL FİNALE DOĞRU TYT DENEME 1 - MATEMATİK - SORU 2;MAT-İÇ;2;C
56FNOKFDD4TT3S2;2025 2026 FİNAL OKUL FİNALE DOĞRU TYT DENEME 4 - MATEMATİK - SORU 2;MAT-İÇ;24;E
56FNOKFDD5TT3S2;2025 2026 FİNAL OKUL FİNALE DOĞRU TYT DENEME 5 - TEST 3 - SORU 2;;;B
56FNOKFDD1TT3S3;2025 2026 FİNAL OKUL FİNALE DOĞRU TYT DENEME 1 - MATEMATİK - SORU 3;MAT-İÇ;3;B
56FNOKFDD3TT3S3;2025 2026 FİNAL OKUL FİNALE DOĞRU TYT DENEME 3 - MATEMATİK - SORU 3;MAT-İÇ;19;E
56FNOKFDD1TT3S4;2025 2026 FİNAL OKUL FİNALE DOĞRU TYT DENEME 1 - MATEMATİK - SORU 4;MAT-İÇ;8;C
56FNOKFDD1TT3S5;2025 2026 FİNAL OKUL FİNALE DOĞRU TYT DENEME 1 - MATEMATİK - SORU 5;MAT-İÇ;5;D
56FNOKFDD3TT3S5;2025 2026 FİNAL OKUL FİNALE DOĞRU TYT DENEME 3 - MATEMATİK - SORU 5;MAT-İÇ;21;A
56FNOKFDD1TT3S6;2025 2026 FİNAL OKUL FİNALE DOĞRU TYT DENEME 1 - MATEMATİK - SORU 6;MAT-İÇ;6;A
56FNOKFDD2TT3S6;2025 2026 FİNAL OKUL FİNALE DOĞRU TYT DENEME 2 - MATEMATİK - SORU 6;MAT-İÇ;27;E
56FNOKFDD1TT3S7;2025 2026 FİNAL OKUL FİNALE DOĞRU TYT DENEME 1 - MATEMATİK - SORU 7;MAT-İÇ;7;C
56FNOKFDD3TT3S7;2025 2026 FİNAL OKUL FİNALE DOĞRU TYT DENEME 3 - MATEMATİK - SORU 7;MAT-İÇ;20;B
56FNOKFDD7TT3S7;2025 2026 FİNAL OKUL FİNALE DOĞRU TYT DENEME 7 - MATEMATİK - SORU 7;MAT-İÇ;26;A
56FNOKFDD1TT3S8;2025 2026 FİNAL OKUL FİNALE DOĞRU TYT DENEME 1 - MATEMATİK - SORU 8;MAT-İÇ;4;D
56FNOKFDD1TT3S9;2025 2026 FİNAL OKUL FİNALE DOĞRU TYT DENEME 1 - MATEMATİK - SORU 9;MAT-İÇ;9;B
56FNOKFDD3TT3S9;2025 2026 FİNAL OKUL FİNALE DOĞRU TYT DENEME 3 - MATEMATİK - SORU 9;MAT-İÇ;22;D
56FNOKFDD1TT3S10;2025 2026 FİNAL OKUL FİNALE DOĞRU TYT DENEME 1 - MATEMATİK - SORU 10;MAT-İÇ;10;D
56FNOKFDD1TT3S11;2025 2026 FİNAL OKUL FİNALE DOĞRU TYT DENEME 1 - MATEMATİK - SORU 11;MAT-İÇ;11;A
56FNOKFDD4TT3S11;2025 2026 FİNAL OKUL FİNALE DOĞRU TYT DENEME 4 - MATEMATİK - SORU 11;MAT-İÇ;23;A
56FNOKFDD1TT3S12;2025 2026 FİNAL OKUL FİNALE DOĞRU TYT DENEME 1 - MATEMATİK - SORU 12;MAT-İÇ;12;A 
56FNOKFDD3TT3S12;2025 2026 FİNAL OKUL FİNALE DOĞRU TYT DENEME 3 - MATEMATİK - SORU 12;MAT-İÇ;29;E
56FNOKFDD1TT3S13;2025 2026 FİNAL OKUL FİNALE DOĞRU TYT DENEME 1 - MATEMATİK - SORU 13;MAT-İÇ;13;A
56FNOKFDD1TT3S14;2025 2026 FİNAL OKUL FİNALE DOĞRU TYT DENEME 1 - MATEMATİK - SORU 14;MAT-İÇ;14;C
56FNOKFDD2TT3S15;2025 2026 FİNAL OKUL FİNALE DOĞRU TYT DENEME 2 - MATEMATİK - SORU 15;MAT-İÇ;28;D
56FNOKFDD2TT3S23;2025 2026 FİNAL OKUL FİNALE DOĞRU TYT DENEME 2 - MATEMATİK - SORU 23;MAT-İÇ;17;A
56FNOKFDD1TT3S31;2025 2026 FİNAL OKUL FİNALE DOĞRU TYT DENEME 1 - MATEMATİK - SORU 31;MAT-İÇ;31;C
56FNOKFDD1TT3S32;2025 2026 FİNAL OKUL FİNALE DOĞRU TYT DENEME 1 - MATEMATİK - SORU 32;MAT-İÇ;32;B
56FNOKFDD6TT3S32;2025 2026 FİNAL OKUL FİNALE DOĞRU TYT DENEME 6 - MATEMATİK - SORU 32;MAT-İÇ;37;B
56FNOKFDD1TT3S33;2025 2026 FİNAL OKUL FİNALE DOĞRU TYT DENEME 1 - MATEMATİK - SORU 33;MAT-İÇ;40;C
56FNOKFDD1TT3S34;2025 2026 FİNAL OKUL FİNALE DOĞRU TYT DENEME 1 - MATEMATİK - SORU 34;MAT-İÇ;36;D
56FNOKFDD1TT3S35;2025 2026 FİNAL OKUL FİNALE DOĞRU TYT DENEME 1 - MATEMATİK - SORU 35;MAT-İÇ;33;E
56FNOKFDD5TT3S38;2025 2026 FİNAL OKUL FİNALE DOĞRU TYT DENEME 5 - MATEMATİK - SORU 38;MAT-İÇ;38;E
56FNOKFDD1TT4S1;2025 2026 FİNAL OKUL FİNALE DOĞRU TYT DENEME 1 - FEN - SORU 1;FEN-İÇ;5;B
56FNOKFDD1TT4S2;2025 2026 FİNAL OKUL FİNALE DOĞRU TYT DENEME 1 - FEN - SORU 2;FEN-İÇ;4;C
56FNOKFDD1TT4S3;2025 2026 FİNAL OKUL FİNALE DOĞRU TYT DENEME 1 - FEN - SORU 3;FEN-İÇ;3;E
56FNOKFDD1TT4S4;2025 2026 FİNAL OKUL FİNALE DOĞRU TYT DENEME 1 - FEN - SORU 4;FEN-İÇ;1;D
56FNOKFDD1TT4S5;2025 2026 FİNAL OKUL FİNALE DOĞRU TYT DENEME 1 - FEN - SORU 5;FEN-İÇ;2;D
56FNOKFDD1TT4S6;2025 2026 FİNAL OKUL FİNALE DOĞRU TYT DENEME 1 - FEN - SORU 6;FEN-İÇ;6;C
56FNOKFDD1TT4S7;2025 2026 FİNAL OKUL FİNALE DOĞRU TYT DENEME 1 - FEN - SORU 7;FEN-İÇ;7;B
56FNOKFDD1TT4S9;2025 2026 FİNAL OKUL FİNALE DOĞRU TYT DENEME 1 - FEN - SORU 9;FEN-İÇ;12;C
56FNOKFDD1TT4S10;2025 2026 FİNAL OKUL FİNALE DOĞRU TYT DENEME 1 - FEN - SORU 10;FEN-İÇ;11;C
56FNOKFDD1TT4S11;2025 2026 FİNAL OKUL FİNALE DOĞRU TYT DENEME 1 - FEN - SORU 11;FEN-İÇ;9;C
56FNOKFDD1TT4S12;2025 2026 FİNAL OKUL FİNALE DOĞRU TYT DENEME 1 - FEN - SORU 12;FEN-İÇ;8;A
56FNOKFDD1TT4S13;2025 2026 FİNAL OKUL FİNALE DOĞRU TYT DENEME 1 - FEN - SORU 13;FEN-İÇ;10;B
56FNOKFDD1TT4S15;2025 2026 FİNAL OKUL FİNALE DOĞRU TYT DENEME 1 - FEN - SORU 15;FEN-İÇ;15;D
56FNOKFDD1TT4S17;2025 2026 FİNAL OKUL FİNALE DOĞRU TYT DENEME 1 - FEN - SORU 17;FEN-İÇ;17;C
56FNOKFDD5TT4S19;2025 2026 FİNAL OKUL FİNALE DOĞRU TYT DENEME 5 - FEN - SORU 19;FEN-İÇ;18;C
56FNOKFDD3TT4S19;2025 2026 FİNAL OKUL FİNALE DOĞRU TYT DENEME 3 - FEN - SORU 19;FEN-İÇ;19;D
